{
  "buffers": [
    {
      "alignment": 4,
      "batch": 0,
      "channel_first": true,
      "channel_last": true,
      "epochs": {
        "end": 1,
        "start": 0
      },
      "flags": "STAI_FLAG_WEIGHTS|STAI_FLAG_CONST|STAI_FLAG_PREALLOCATED",
      "format": "STAI_FORMAT_FLOAT",
      "id": 97,
      "intq": {},
      "is_param": true,
      "mpool_id": 1,
      "name": "dense_1_dense_bias_array",
      "nbits": 32,
      "offset_start": 221400,
      "qmn": {},
      "shape": [
        20
      ],
      "shape_map": [
        "CH"
      ],
      "size_bytes": 80
    },
    {
      "alignment": 4,
      "batch": 0,
      "channel_first": true,
      "channel_last": true,
      "epochs": {
        "end": 10,
        "start": 7
      },
      "flags": "STAI_FLAG_PREALLOCATED|STAI_FLAG_ACTIVATIONS",
      "format": "STAI_FORMAT_FLOAT",
      "id": 76,
      "intq": {},
      "is_param": false,
      "mpool_id": 0,
      "name": "dense_1_dense_output_array",
      "nbits": 32,
      "offset_start": 900,
      "qmn": {},
      "shape": [
        20
      ],
      "shape_map": [
        "CH"
      ],
      "size_bytes": 80
    },
    {
      "alignment": 4,
      "batch": 0,
      "channel_first": true,
      "channel_last": true,
      "epochs": {
        "end": 1,
        "start": 0
      },
      "flags": "STAI_FLAG_WEIGHTS|STAI_FLAG_CONST|STAI_FLAG_PREALLOCATED",
      "format": "STAI_FORMAT_FLOAT",
      "id": 94,
      "intq": {},
      "is_param": true,
      "mpool_id": 1,
      "name": "dense_1_dense_weights_array",
      "nbits": 32,
      "offset_start": 203400,
      "qmn": {},
      "shape": [
        20,
        225
      ],
      "shape_map": [
        "CH",
        "CH_IN"
      ],
      "size_bytes": 18000
    },
    {
      "alignment": 4,
      "batch": 0,
      "channel_first": true,
      "channel_last": true,
      "epochs": {
        "end": 12,
        "start": 9
      },
      "flags": "STAI_FLAG_PREALLOCATED|STAI_FLAG_ACTIVATIONS",
      "format": "STAI_FORMAT_FLOAT",
      "id": 78,
      "intq": {},
      "is_param": false,
      "mpool_id": 0,
      "name": "dense_1_output_array",
      "nbits": 32,
      "offset_start": 0,
      "qmn": {},
      "shape": [
        20
      ],
      "shape_map": [
        "CH"
      ],
      "size_bytes": 80
    },
    {
      "alignment": 4,
      "batch": 0,
      "channel_first": true,
      "channel_last": true,
      "epochs": {
        "end": 1,
        "start": 0
      },
      "flags": "STAI_FLAG_WEIGHTS|STAI_FLAG_CONST|STAI_FLAG_PREALLOCATED",
      "format": "STAI_FORMAT_FLOAT",
      "id": 103,
      "intq": {},
      "is_param": true,
      "mpool_id": 1,
      "name": "dense_2_dense_bias_array",
      "nbits": 32,
      "offset_start": 222280,
      "qmn": {},
      "shape": [
        10
      ],
      "shape_map": [
        "CH"
      ],
      "size_bytes": 40
    },
    {
      "alignment": 4,
      "batch": 0,
      "channel_first": true,
      "channel_last": true,
      "epochs": {
        "end": 14,
        "start": 11
      },
      "flags": "STAI_FLAG_PREALLOCATED|STAI_FLAG_ACTIVATIONS",
      "format": "STAI_FORMAT_FLOAT",
      "id": 80,
      "intq": {},
      "is_param": false,
      "mpool_id": 0,
      "name": "dense_2_dense_output_array",
      "nbits": 32,
      "offset_start": 80,
      "qmn": {},
      "shape": [
        10
      ],
      "shape_map": [
        "CH"
      ],
      "size_bytes": 40
    },
    {
      "alignment": 4,
      "batch": 0,
      "channel_first": true,
      "channel_last": true,
      "epochs": {
        "end": 1,
        "start": 0
      },
      "flags": "STAI_FLAG_WEIGHTS|STAI_FLAG_CONST|STAI_FLAG_PREALLOCATED",
      "format": "STAI_FORMAT_FLOAT",
      "id": 100,
      "intq": {},
      "is_param": true,
      "mpool_id": 1,
      "name": "dense_2_dense_weights_array",
      "nbits": 32,
      "offset_start": 221480,
      "qmn": {},
      "shape": [
        10,
        20
      ],
      "shape_map": [
        "CH",
        "CH_IN"
      ],
      "size_bytes": 800
    },
    {
      "alignment": 4,
      "batch": 0,
      "channel_first": true,
      "channel_last": true,
      "epochs": {
        "end": 16,
        "start": 13
      },
      "flags": "STAI_FLAG_PREALLOCATED|STAI_FLAG_ACTIVATIONS",
      "format": "STAI_FORMAT_FLOAT",
      "id": 82,
      "intq": {},
      "is_param": false,
      "mpool_id": 0,
      "name": "dense_2_output_array",
      "nbits": 32,
      "offset_start": 0,
      "qmn": {},
      "shape": [
        10
      ],
      "shape_map": [
        "CH"
      ],
      "size_bytes": 40
    },
    {
      "alignment": 4,
      "batch": 0,
      "channel_first": true,
      "channel_last": true,
      "epochs": {
        "end": 1,
        "start": 0
      },
      "flags": "STAI_FLAG_WEIGHTS|STAI_FLAG_CONST|STAI_FLAG_PREALLOCATED",
      "format": "STAI_FORMAT_FLOAT",
      "id": 109,
      "intq": {},
      "is_param": true,
      "mpool_id": 1,
      "name": "dense_3_dense_bias_array",
      "nbits": 32,
      "offset_start": 222440,
      "qmn": {},
      "shape": [
        3
      ],
      "shape_map": [
        "CH"
      ],
      "size_bytes": 12
    },
    {
      "alignment": 4,
      "batch": 0,
      "channel_first": true,
      "channel_last": true,
      "epochs": {
        "end": 18,
        "start": 15
      },
      "flags": "STAI_FLAG_PREALLOCATED|STAI_FLAG_ACTIVATIONS",
      "format": "STAI_FORMAT_FLOAT",
      "id": 84,
      "intq": {},
      "is_param": false,
      "mpool_id": 0,
      "name": "dense_3_dense_output_array",
      "nbits": 32,
      "offset_start": 40,
      "qmn": {},
      "shape": [
        3
      ],
      "shape_map": [
        "CH"
      ],
      "size_bytes": 12
    },
    {
      "alignment": 4,
      "batch": 0,
      "channel_first": true,
      "channel_last": true,
      "epochs": {
        "end": 1,
        "start": 0
      },
      "flags": "STAI_FLAG_WEIGHTS|STAI_FLAG_CONST|STAI_FLAG_PREALLOCATED",
      "format": "STAI_FORMAT_FLOAT",
      "id": 106,
      "intq": {},
      "is_param": true,
      "mpool_id": 1,
      "name": "dense_3_dense_weights_array",
      "nbits": 32,
      "offset_start": 222320,
      "qmn": {},
      "shape": [
        3,
        10
      ],
      "shape_map": [
        "CH",
        "CH_IN"
      ],
      "size_bytes": 120
    },
    {
      "alignment": 4,
      "batch": 0,
      "channel_first": true,
      "channel_last": true,
      "epochs": {
        "end": 19,
        "start": 17
      },
      "flags": "STAI_FLAG_OUTPUTS|STAI_FLAG_PREALLOCATED|STAI_FLAG_ACTIVATIONS",
      "format": "STAI_FORMAT_FLOAT",
      "id": 86,
      "intq": {},
      "is_param": false,
      "mpool_id": 0,
      "name": "dense_3_output_array",
      "nbits": 32,
      "offset_start": 0,
      "qmn": {},
      "shape": [
        3
      ],
      "shape_map": [
        "CH"
      ],
      "size_bytes": 12
    },
    {
      "alignment": 4,
      "batch": 0,
      "channel_first": true,
      "channel_last": true,
      "epochs": {
        "end": 1,
        "start": 0
      },
      "flags": "STAI_FLAG_WEIGHTS|STAI_FLAG_CONST|STAI_FLAG_PREALLOCATED",
      "format": "STAI_FORMAT_FLOAT",
      "id": 91,
      "intq": {},
      "is_param": true,
      "mpool_id": 1,
      "name": "dense_dense_bias_array",
      "nbits": 32,
      "offset_start": 202500,
      "qmn": {},
      "shape": [
        225
      ],
      "shape_map": [
        "CH"
      ],
      "size_bytes": 900
    },
    {
      "alignment": 4,
      "batch": 0,
      "channel_first": true,
      "channel_last": true,
      "epochs": {
        "end": 6,
        "start": 3
      },
      "flags": "STAI_FLAG_PREALLOCATED|STAI_FLAG_ACTIVATIONS",
      "format": "STAI_FORMAT_FLOAT",
      "id": 72,
      "intq": {},
      "is_param": false,
      "mpool_id": 0,
      "name": "dense_dense_output_array",
      "nbits": 32,
      "offset_start": 900,
      "qmn": {},
      "shape": [
        225
      ],
      "shape_map": [
        "CH"
      ],
      "size_bytes": 900
    },
    {
      "alignment": 4,
      "batch": 0,
      "channel_first": true,
      "channel_last": true,
      "epochs": {
        "end": 1,
        "start": 0
      },
      "flags": "STAI_FLAG_WEIGHTS|STAI_FLAG_CONST|STAI_FLAG_PREALLOCATED",
      "format": "STAI_FORMAT_FLOAT",
      "id": 88,
      "intq": {},
      "is_param": true,
      "mpool_id": 1,
      "name": "dense_dense_weights_array",
      "nbits": 32,
      "offset_start": 0,
      "qmn": {},
      "shape": [
        225,
        225
      ],
      "shape_map": [
        "CH",
        "CH_IN"
      ],
      "size_bytes": 202500
    },
    {
      "alignment": 4,
      "batch": 0,
      "channel_first": true,
      "channel_last": true,
      "epochs": {
        "end": 8,
        "start": 5
      },
      "flags": "STAI_FLAG_PREALLOCATED|STAI_FLAG_ACTIVATIONS",
      "format": "STAI_FORMAT_FLOAT",
      "id": 74,
      "intq": {},
      "is_param": false,
      "mpool_id": 0,
      "name": "dense_output_array",
      "nbits": 32,
      "offset_start": 0,
      "qmn": {},
      "shape": [
        225
      ],
      "shape_map": [
        "CH"
      ],
      "size_bytes": 900
    },
    {
      "alignment": 4,
      "batch": 0,
      "channel_first": true,
      "channel_last": true,
      "epochs": {
        "end": 4,
        "start": 2
      },
      "flags": "STAI_FLAG_INPUTS|STAI_FLAG_PREALLOCATED|STAI_FLAG_ACTIVATIONS",
      "format": "STAI_FORMAT_FLOAT",
      "id": 70,
      "intq": {},
      "is_param": false,
      "mpool_id": 0,
      "name": "input_0_output_array",
      "nbits": 32,
      "offset_start": 0,
      "qmn": {},
      "shape": [
        225
      ],
      "shape_map": [
        "CH"
      ],
      "size_bytes": 900
    }
  ],
  "environment": {
    "generated_model": {
      "generated_time": "2025-05-10T14:48:53+0100",
      "model_files": [
        {
          "name": "network_model_data_params.h",
          "signature": "0x83e56b167d37fbc75c2f0711759a8799"
        },
        {
          "name": "network_model_data_params.c",
          "signature": "0xdb3d3df4d7f6ba4f8a51ce1bc51e3c2c"
        },
        {
          "name": "network_model_data.h",
          "signature": "0xfc942c4522bebfed8c405f9a53814323"
        },
        {
          "name": "network_model_data.c",
          "signature": "0xff68914f877722b2209866013e5495a4"
        },
        {
          "name": "network_model_config.h",
          "signature": "0xc7d1286d74bbb0ea40bc01353dcbb181"
        },
        {
          "name": "network_model.h",
          "signature": "0x27cc14e88c2552f7d1a82c1b29fbd49a"
        },
        {
          "name": "network_model.c",
          "signature": "0x525aae1dd137815192c42535dad96e49"
        }
      ],
      "name": "network_model"
    },
    "network_signature": "0xac9cf0b25889f8b6",
    "test_name": "",
    "tools": [
      {
        "arguments": "generate --target stm32f4 --name network_model -m C:/Users/isras/Downloads/IA-ON-STM32_Part1/Model Parameters-H5 File/rotupdown.h5 --compression none --verbosity 1 --workspace C:/Users/isras/AppData/Local/Temp/mxAI_workspace2636938383730015998659459404485416 --output C:/Users/isras/.stm32cubemx/network_model_output",
        "environment": [
          "STATS_TYPE=X-CUBE-AI"
        ],
        "input_model": {
          "model_files": [
            {
              "name": "rotupdown.h5",
              "signature": "0x9736f6189c9b82deaa6ba889cbf5461b"
            }
          ],
          "n_params": 55613,
          "name": "rotupdown",
          "size": 222452,
          "type": "keras"
        },
        "name": "ST.EdgeAI.Core",
        "version": "2.0.0-20049"
      }
    ]
  },
  "graphs": [
    {
      "edges": [
        {
          "buffer": 72,
          "edge_kind": "EDGE_MEMORY",
          "end": {
            "node_id": 10,
            "port": 0
          },
          "id": 0,
          "name": "n9-p0_n10-p0",
          "start": {
            "node_id": 9,
            "port": 0
          }
        },
        {
          "buffer": 74,
          "edge_kind": "EDGE_MEMORY",
          "end": {
            "node_id": 11,
            "port": 0
          },
          "id": 1,
          "name": "n10-p0_n11-p0",
          "start": {
            "node_id": 10,
            "port": 0
          }
        },
        {
          "buffer": 76,
          "edge_kind": "EDGE_MEMORY",
          "end": {
            "node_id": 12,
            "port": 0
          },
          "id": 2,
          "name": "n11-p0_n12-p0",
          "start": {
            "node_id": 11,
            "port": 0
          }
        },
        {
          "buffer": 78,
          "edge_kind": "EDGE_MEMORY",
          "end": {
            "node_id": 13,
            "port": 0
          },
          "id": 3,
          "name": "n12-p0_n13-p0",
          "start": {
            "node_id": 12,
            "port": 0
          }
        },
        {
          "buffer": 80,
          "edge_kind": "EDGE_MEMORY",
          "end": {
            "node_id": 14,
            "port": 0
          },
          "id": 4,
          "name": "n13-p0_n14-p0",
          "start": {
            "node_id": 13,
            "port": 0
          }
        },
        {
          "buffer": 82,
          "edge_kind": "EDGE_MEMORY",
          "end": {
            "node_id": 15,
            "port": 0
          },
          "id": 5,
          "name": "n14-p0_n15-p0",
          "start": {
            "node_id": 14,
            "port": 0
          }
        },
        {
          "buffer": 84,
          "edge_kind": "EDGE_MEMORY",
          "end": {
            "node_id": 16,
            "port": 0
          },
          "id": 6,
          "name": "n15-p0_n16-p0",
          "start": {
            "node_id": 15,
            "port": 0
          }
        }
      ],
      "id": 0,
      "inputs": [
        70
      ],
      "name": "rotupdown",
      "nodes": [
        {
          "attributes": {
            "num_units": "225",
            "use_bias": "True"
          },
          "description": "Dense",
          "id": 9,
          "inputs": [
            70,
            88,
            91
          ],
          "macc": 50850,
          "mapping": "NODE_SW",
          "name": "dense_dense",
          "original_nodes": [
            "0"
          ],
          "outputs": [
            72
          ],
          "scratchs": [],
          "subgraph_nodes": [],
          "sw_functions": [
            "forward_dense"
          ]
        },
        {
          "attributes": {
            "nonlinearity": "relu"
          },
          "description": "Nonlinearity",
          "id": 10,
          "inputs": [
            72
          ],
          "macc": 225,
          "mapping": "NODE_SW",
          "name": "dense",
          "original_nodes": [
            "0"
          ],
          "outputs": [
            74
          ],
          "scratchs": [],
          "subgraph_nodes": [],
          "sw_functions": [
            "forward_relu"
          ]
        },
        {
          "attributes": {
            "num_units": "20",
            "use_bias": "True"
          },
          "description": "Dense",
          "id": 11,
          "inputs": [
            74,
            94,
            97
          ],
          "macc": 4520,
          "mapping": "NODE_SW",
          "name": "dense_1_dense",
          "original_nodes": [
            "1"
          ],
          "outputs": [
            76
          ],
          "scratchs": [],
          "subgraph_nodes": [],
          "sw_functions": [
            "forward_dense"
          ]
        },
        {
          "attributes": {
            "nonlinearity": "relu"
          },
          "description": "Nonlinearity",
          "id": 12,
          "inputs": [
            76
          ],
          "macc": 20,
          "mapping": "NODE_SW",
          "name": "dense_1",
          "original_nodes": [
            "1"
          ],
          "outputs": [
            78
          ],
          "scratchs": [],
          "subgraph_nodes": [],
          "sw_functions": [
            "forward_relu"
          ]
        },
        {
          "attributes": {
            "num_units": "10",
            "use_bias": "True"
          },
          "description": "Dense",
          "id": 13,
          "inputs": [
            78,
            100,
            103
          ],
          "macc": 210,
          "mapping": "NODE_SW",
          "name": "dense_2_dense",
          "original_nodes": [
            "2"
          ],
          "outputs": [
            80
          ],
          "scratchs": [],
          "subgraph_nodes": [],
          "sw_functions": [
            "forward_dense"
          ]
        },
        {
          "attributes": {
            "nonlinearity": "relu"
          },
          "description": "Nonlinearity",
          "id": 14,
          "inputs": [
            80
          ],
          "macc": 10,
          "mapping": "NODE_SW",
          "name": "dense_2",
          "original_nodes": [
            "2"
          ],
          "outputs": [
            82
          ],
          "scratchs": [],
          "subgraph_nodes": [],
          "sw_functions": [
            "forward_relu"
          ]
        },
        {
          "attributes": {
            "num_units": "3",
            "use_bias": "True"
          },
          "description": "Dense",
          "id": 15,
          "inputs": [
            82,
            106,
            109
          ],
          "macc": 33,
          "mapping": "NODE_SW",
          "name": "dense_3_dense",
          "original_nodes": [
            "3"
          ],
          "outputs": [
            84
          ],
          "scratchs": [],
          "subgraph_nodes": [],
          "sw_functions": [
            "forward_dense"
          ]
        },
        {
          "attributes": {
            "axis": "CH",
            "nonlinearity": "softmax",
            "orig_axis": "-1"
          },
          "description": "Nonlinearity",
          "id": 16,
          "inputs": [
            84
          ],
          "macc": 45,
          "mapping": "NODE_SW",
          "name": "dense_3",
          "original_nodes": [
            "3"
          ],
          "outputs": [
            86
          ],
          "scratchs": [],
          "subgraph_nodes": [],
          "sw_functions": [
            "forward_sm"
          ]
        }
      ],
      "original_inputs": [
        {
          "input_0": {
            "data_type": "float32",
            "shape": "(BATCH: None, CH: 225)"
          }
        }
      ],
      "original_outputs": [
        {
          "dense_3": {
            "data_type": "float32",
            "shape": "(BATCH: None, CH: 3)"
          }
        }
      ],
      "outputs": [
        86
      ]
    }
  ],
  "json_schema_version": "2.0",
  "memory_footprint": {
    "activations": 1800,
    "io": [
      0,
      0
    ],
    "kernel_flash": 10722,
    "kernel_ram": 2484,
    "series": "stm32f4",
    "toolchain": "arm-none-eabi-gcc (GNU Tools for STM32 13.3.rel1.20240926-1715) 13.3.1 20240614",
    "toolchain_flash": 638,
    "toolchain_ram": 0,
    "weights": 222452
  },
  "memory_pools": [
    {
      "address": "NULL",
      "alignment": 4,
      "attributes": {
        "latency": "HIGH",
        "score": 768,
        "throughput": "LOW"
      },
      "buffers": [
        70,
        72,
        74,
        76,
        78,
        80,
        82,
        84,
        86
      ],
      "id": 0,
      "name": "heap_overlay_pool",
      "offset_start": 0,
      "persistent": false,
      "rights": "ACC_WRITE",
      "size_bytes": -1,
      "subpools": [],
      "used_size_bytes": 1800,
      "user_allocated": false,
      "virtual": false
    },
    {
      "address": "s_network_model_weights_array_u64",
      "alignment": 0,
      "attributes": {
        "latency": "UNDEF",
        "score": 0,
        "throughput": "UNDEF"
      },
      "buffers": [
        88,
        91,
        94,
        97,
        100,
        103,
        106,
        109
      ],
      "id": 1,
      "name": "weights_array",
      "offset_start": 0,
      "persistent": true,
      "rights": "ACC_READ",
      "size_bytes": -1,
      "subpools": [],
      "used_size_bytes": 222452,
      "user_allocated": false,
      "virtual": false
    }
  ]
}