{
    "activations": {
        "heap_overlay_pool": {
            "activation_alignment": 4,
            "buffer_data_size": 0,
            "buffer_offsets": [
                {
                    "buffer_name": "input_0_output_array",
                    "offset": 0,
                    "size": 900
                },
                {
                    "buffer_name": "dense_dense_output_array",
                    "offset": 900,
                    "size": 900
                },
                {
                    "buffer_name": "dense_output_array",
                    "offset": 0,
                    "size": 900
                },
                {
                    "buffer_name": "dense_1_dense_output_array",
                    "offset": 900,
                    "size": 80
                },
                {
                    "buffer_name": "dense_1_output_array",
                    "offset": 0,
                    "size": 80
                },
                {
                    "buffer_name": "dense_2_dense_output_array",
                    "offset": 80,
                    "size": 40
                },
                {
                    "buffer_name": "dense_2_output_array",
                    "offset": 0,
                    "size": 40
                },
                {
                    "buffer_name": "dense_3_dense_output_array",
                    "offset": 40,
                    "size": 12
                },
                {
                    "buffer_name": "dense_3_output_array",
                    "offset": 0,
                    "size": 12
                }
            ],
            "data_alignment": 4,
            "pool_id": 0,
            "pool_size": -1,
            "used_size": 1800
        }
    },
    "activations_alignment": 4,
    "arguments": "generate --target stm32f4 --name network_model -m C:/Users/isras/Downloads/IA-ON-STM32_Part1/Model Parameters-H5 File/rotupdown.h5 --compression none --verbosity 1 --workspace C:/Users/isras/AppData/Local/Temp/mxAI_workspace2636938383730015998659459404485416 --output C:/Users/isras/.stm32cubemx/network_model_output",
    "c_activations_count": 1,
    "c_arrays": [
        {
            "c_bits": 32,
            "c_id": 0,
            "c_mem_pool": "weights",
            "c_size_in_byte": 80,
            "c_type": "const float",
            "format": "float",
            "is_const": true,
            "mem_pool": "weights",
            "n_items": 20,
            "name": "dense_1_dense_bias_array",
            "offset": 221400,
            "scale": [],
            "size": 20,
            "tensors": [
                {
                    "name": "dense_1_dense_bias",
                    "shape": [
                        20
                    ]
                }
            ],
            "zeropoint": [],
            "zeros": 0
        },
        {
            "c_bits": 32,
            "c_id": 1,
            "c_mem_pool": "**default**",
            "c_size_in_byte": 80,
            "c_type": "float",
            "format": "float",
            "is_const": false,
            "mem_pool": "activations",
            "n_items": 20,
            "name": "dense_1_dense_output_array",
            "offset": 900,
            "scale": [],
            "size": 20,
            "tensors": [
                {
                    "name": "dense_1_dense_output",
                    "shape": [
                        20
                    ]
                }
            ],
            "zeropoint": []
        },
        {
            "c_bits": 32,
            "c_id": 2,
            "c_mem_pool": "weights",
            "c_size_in_byte": 18000,
            "c_type": "const float",
            "format": "float",
            "is_const": true,
            "mem_pool": "weights",
            "n_items": 4500,
            "name": "dense_1_dense_weights_array",
            "offset": 203400,
            "scale": [],
            "size": 4500,
            "tensors": [
                {
                    "name": "dense_1_dense_weights",
                    "shape": [
                        20,
                        225
                    ]
                }
            ],
            "zeropoint": [],
            "zeros": 0
        },
        {
            "c_bits": 32,
            "c_id": 3,
            "c_mem_pool": "**default**",
            "c_size_in_byte": 80,
            "c_type": "float",
            "format": "float",
            "is_const": false,
            "mem_pool": "activations",
            "n_items": 20,
            "name": "dense_1_output_array",
            "offset": 0,
            "scale": [],
            "size": 20,
            "tensors": [
                {
                    "name": "dense_1_output",
                    "shape": [
                        20
                    ]
                }
            ],
            "zeropoint": []
        },
        {
            "c_bits": 32,
            "c_id": 4,
            "c_mem_pool": "weights",
            "c_size_in_byte": 40,
            "c_type": "const float",
            "format": "float",
            "is_const": true,
            "mem_pool": "weights",
            "n_items": 10,
            "name": "dense_2_dense_bias_array",
            "offset": 222280,
            "scale": [],
            "size": 10,
            "tensors": [
                {
                    "name": "dense_2_dense_bias",
                    "shape": [
                        10
                    ]
                }
            ],
            "zeropoint": [],
            "zeros": 0
        },
        {
            "c_bits": 32,
            "c_id": 5,
            "c_mem_pool": "**default**",
            "c_size_in_byte": 40,
            "c_type": "float",
            "format": "float",
            "is_const": false,
            "mem_pool": "activations",
            "n_items": 10,
            "name": "dense_2_dense_output_array",
            "offset": 80,
            "scale": [],
            "size": 10,
            "tensors": [
                {
                    "name": "dense_2_dense_output",
                    "shape": [
                        10
                    ]
                }
            ],
            "zeropoint": []
        },
        {
            "c_bits": 32,
            "c_id": 6,
            "c_mem_pool": "weights",
            "c_size_in_byte": 800,
            "c_type": "const float",
            "format": "float",
            "is_const": true,
            "mem_pool": "weights",
            "n_items": 200,
            "name": "dense_2_dense_weights_array",
            "offset": 221480,
            "scale": [],
            "size": 200,
            "tensors": [
                {
                    "name": "dense_2_dense_weights",
                    "shape": [
                        10,
                        20
                    ]
                }
            ],
            "zeropoint": [],
            "zeros": 0
        },
        {
            "c_bits": 32,
            "c_id": 7,
            "c_mem_pool": "**default**",
            "c_size_in_byte": 40,
            "c_type": "float",
            "format": "float",
            "is_const": false,
            "mem_pool": "activations",
            "n_items": 10,
            "name": "dense_2_output_array",
            "offset": 0,
            "scale": [],
            "size": 10,
            "tensors": [
                {
                    "name": "dense_2_output",
                    "shape": [
                        10
                    ]
                }
            ],
            "zeropoint": []
        },
        {
            "c_bits": 32,
            "c_id": 8,
            "c_mem_pool": "weights",
            "c_size_in_byte": 12,
            "c_type": "const float",
            "format": "float",
            "is_const": true,
            "mem_pool": "weights",
            "n_items": 3,
            "name": "dense_3_dense_bias_array",
            "offset": 222440,
            "scale": [],
            "size": 3,
            "tensors": [
                {
                    "name": "dense_3_dense_bias",
                    "shape": [
                        3
                    ]
                }
            ],
            "zeropoint": [],
            "zeros": 0
        },
        {
            "c_bits": 32,
            "c_id": 9,
            "c_mem_pool": "**default**",
            "c_size_in_byte": 12,
            "c_type": "float",
            "format": "float",
            "is_const": false,
            "mem_pool": "activations",
            "n_items": 3,
            "name": "dense_3_dense_output_array",
            "offset": 40,
            "scale": [],
            "size": 3,
            "tensors": [
                {
                    "name": "dense_3_dense_output",
                    "shape": [
                        3
                    ]
                }
            ],
            "zeropoint": []
        },
        {
            "c_bits": 32,
            "c_id": 10,
            "c_mem_pool": "weights",
            "c_size_in_byte": 120,
            "c_type": "const float",
            "format": "float",
            "is_const": true,
            "mem_pool": "weights",
            "n_items": 30,
            "name": "dense_3_dense_weights_array",
            "offset": 222320,
            "scale": [],
            "size": 30,
            "tensors": [
                {
                    "name": "dense_3_dense_weights",
                    "shape": [
                        3,
                        10
                    ]
                }
            ],
            "zeropoint": [],
            "zeros": 0
        },
        {
            "c_bits": 32,
            "c_id": 11,
            "c_mem_pool": "**default**",
            "c_size_in_byte": 12,
            "c_type": "float",
            "format": "float",
            "io_type": "output",
            "is_const": false,
            "mem_pool": "activations",
            "n_items": 3,
            "name": "dense_3_output_array",
            "offset": 0,
            "scale": [],
            "size": 3,
            "tensors": [
                {
                    "name": "dense_3_output",
                    "shape": [
                        3
                    ]
                }
            ],
            "zeropoint": []
        },
        {
            "c_bits": 32,
            "c_id": 12,
            "c_mem_pool": "weights",
            "c_size_in_byte": 900,
            "c_type": "const float",
            "format": "float",
            "is_const": true,
            "mem_pool": "weights",
            "n_items": 225,
            "name": "dense_dense_bias_array",
            "offset": 202500,
            "scale": [],
            "size": 225,
            "tensors": [
                {
                    "name": "dense_dense_bias",
                    "shape": [
                        225
                    ]
                }
            ],
            "zeropoint": [],
            "zeros": 0
        },
        {
            "c_bits": 32,
            "c_id": 13,
            "c_mem_pool": "**default**",
            "c_size_in_byte": 900,
            "c_type": "float",
            "format": "float",
            "is_const": false,
            "mem_pool": "activations",
            "n_items": 225,
            "name": "dense_dense_output_array",
            "offset": 900,
            "scale": [],
            "size": 225,
            "tensors": [
                {
                    "name": "dense_dense_output",
                    "shape": [
                        225
                    ]
                }
            ],
            "zeropoint": []
        },
        {
            "c_bits": 32,
            "c_id": 14,
            "c_mem_pool": "weights",
            "c_size_in_byte": 202500,
            "c_type": "const float",
            "format": "float",
            "is_const": true,
            "mem_pool": "weights",
            "n_items": 50625,
            "name": "dense_dense_weights_array",
            "offset": 0,
            "scale": [],
            "size": 50625,
            "tensors": [
                {
                    "name": "dense_dense_weights",
                    "shape": [
                        225,
                        225
                    ]
                }
            ],
            "zeropoint": [],
            "zeros": 0
        },
        {
            "c_bits": 32,
            "c_id": 15,
            "c_mem_pool": "**default**",
            "c_size_in_byte": 900,
            "c_type": "float",
            "format": "float",
            "is_const": false,
            "mem_pool": "activations",
            "n_items": 225,
            "name": "dense_output_array",
            "offset": 0,
            "scale": [],
            "size": 225,
            "tensors": [
                {
                    "name": "dense_output",
                    "shape": [
                        225
                    ]
                }
            ],
            "zeropoint": []
        },
        {
            "c_bits": 32,
            "c_id": 16,
            "c_mem_pool": "**default**",
            "c_size_in_byte": 900,
            "c_type": "float",
            "format": "float",
            "io_type": "input",
            "is_const": false,
            "mem_pool": "activations",
            "n_items": 225,
            "name": "input_0_output_array",
            "offset": 0,
            "scale": [],
            "size": 225,
            "tensors": [
                {
                    "name": "input_0_output",
                    "shape": [
                        225
                    ]
                }
            ],
            "zeropoint": []
        }
    ],
    "c_arrays_n": 17,
    "c_layers": [
        {
            "c_forward": [
                "forward_dense"
            ],
            "c_id": 0,
            "is_wrapped": "",
            "layer_type": "Dense",
            "m_id": 0,
            "macc": 50850,
            "name": "dense_dense",
            "op_by_type": {
                "smul_f32_f32": 50850
            },
            "rom": 203400,
            "tensors": {
                "inputs": [
                    "input_0_output"
                ],
                "outputs": [
                    "dense_dense_output"
                ],
                "scratchs": [],
                "weights": [
                    "dense_dense_weights",
                    "dense_dense_bias"
                ]
            },
            "weight_sparsity": [
                0.0,
                50850,
                0
            ]
        },
        {
            "c_forward": [
                "forward_relu"
            ],
            "c_id": 1,
            "is_wrapped": "",
            "layer_type": "Nonlinearity",
            "m_id": 0,
            "macc": 225,
            "name": "dense",
            "op_by_type": {
                "op_f32_f32": 225
            },
            "rom": 0,
            "tensors": {
                "inputs": [
                    "dense_dense_output"
                ],
                "outputs": [
                    "dense_output"
                ],
                "scratchs": [],
                "weights": []
            },
            "weight_sparsity": [
                0.0,
                1,
                0
            ]
        },
        {
            "c_forward": [
                "forward_dense"
            ],
            "c_id": 2,
            "is_wrapped": "",
            "layer_type": "Dense",
            "m_id": 1,
            "macc": 4520,
            "name": "dense_1_dense",
            "op_by_type": {
                "smul_f32_f32": 4520
            },
            "rom": 18080,
            "tensors": {
                "inputs": [
                    "dense_output"
                ],
                "outputs": [
                    "dense_1_dense_output"
                ],
                "scratchs": [],
                "weights": [
                    "dense_1_dense_weights",
                    "dense_1_dense_bias"
                ]
            },
            "weight_sparsity": [
                0.0,
                4520,
                0
            ]
        },
        {
            "c_forward": [
                "forward_relu"
            ],
            "c_id": 3,
            "is_wrapped": "",
            "layer_type": "Nonlinearity",
            "m_id": 1,
            "macc": 20,
            "name": "dense_1",
            "op_by_type": {
                "op_f32_f32": 20
            },
            "rom": 0,
            "tensors": {
                "inputs": [
                    "dense_1_dense_output"
                ],
                "outputs": [
                    "dense_1_output"
                ],
                "scratchs": [],
                "weights": []
            },
            "weight_sparsity": [
                0.0,
                1,
                0
            ]
        },
        {
            "c_forward": [
                "forward_dense"
            ],
            "c_id": 4,
            "is_wrapped": "",
            "layer_type": "Dense",
            "m_id": 2,
            "macc": 210,
            "name": "dense_2_dense",
            "op_by_type": {
                "smul_f32_f32": 210
            },
            "rom": 840,
            "tensors": {
                "inputs": [
                    "dense_1_output"
                ],
                "outputs": [
                    "dense_2_dense_output"
                ],
                "scratchs": [],
                "weights": [
                    "dense_2_dense_weights",
                    "dense_2_dense_bias"
                ]
            },
            "weight_sparsity": [
                0.0,
                210,
                0
            ]
        },
        {
            "c_forward": [
                "forward_relu"
            ],
            "c_id": 5,
            "is_wrapped": "",
            "layer_type": "Nonlinearity",
            "m_id": 2,
            "macc": 10,
            "name": "dense_2",
            "op_by_type": {
                "op_f32_f32": 10
            },
            "rom": 0,
            "tensors": {
                "inputs": [
                    "dense_2_dense_output"
                ],
                "outputs": [
                    "dense_2_output"
                ],
                "scratchs": [],
                "weights": []
            },
            "weight_sparsity": [
                0.0,
                1,
                0
            ]
        },
        {
            "c_forward": [
                "forward_dense"
            ],
            "c_id": 6,
            "is_wrapped": "",
            "layer_type": "Dense",
            "m_id": 3,
            "macc": 33,
            "name": "dense_3_dense",
            "op_by_type": {
                "smul_f32_f32": 33
            },
            "rom": 132,
            "tensors": {
                "inputs": [
                    "dense_2_output"
                ],
                "outputs": [
                    "dense_3_dense_output"
                ],
                "scratchs": [],
                "weights": [
                    "dense_3_dense_weights",
                    "dense_3_dense_bias"
                ]
            },
            "weight_sparsity": [
                0.0,
                33,
                0
            ]
        },
        {
            "c_forward": [
                "forward_sm"
            ],
            "c_id": 7,
            "is_wrapped": "",
            "layer_type": "Nonlinearity",
            "m_id": 3,
            "macc": 45,
            "name": "dense_3",
            "op_by_type": {
                "op_f32_f32": 45
            },
            "rom": 0,
            "tensors": {
                "inputs": [
                    "dense_3_dense_output"
                ],
                "outputs": [
                    "dense_3_output"
                ],
                "scratchs": [],
                "weights": []
            },
            "weight_sparsity": [
                0.0,
                1,
                0
            ]
        }
    ],
    "c_name": "network_model",
    "c_nodes_n": 8,
    "c_weights_count": 1,
    "c_weights_header": 0,
    "compilation_options": {
        "compression": "none",
        "optimization": "balanced",
        "options": [
            "allocate-inputs",
            "allocate-outputs"
        ]
    },
    "data_alignment": 4,
    "date_time": "2025-05-10T14:48:53+0100",
    "inputs": [
        "input_0_output"
    ],
    "macc": 55913,
    "memory_footprint": {
        "activations": 1800,
        "io": [
            0,
            0
        ],
        "kernel_flash": 10722,
        "kernel_ram": 2484,
        "series": "stm32f4",
        "target": "stm32f4",
        "toolchain": "arm-none-eabi-gcc (GNU Tools for STM32 13.3.rel1.20240926-1715) 13.3.1 20240614",
        "toolchain_flash": 638,
        "toolchain_ram": 0,
        "weights": 222452
    },
    "memory_pools": [],
    "model_fmt": "float",
    "model_name": "rotupdown",
    "model_signature": "0x9736f6189c9b82deaa6ba889cbf5461b",
    "outputs": [
        "dense_3_output"
    ],
    "st_ai_version": "2.0.0-20049",
    "tool_version": "2.0.0-20049",
    "type": "keras",
    "version": "1.2",
    "weights": {
        "weights_array": {
            "buffer_data_size": 222452,
            "buffer_offsets": [
                {
                    "buffer_name": "dense_dense_weights_array",
                    "offset": 0,
                    "size": 202500
                },
                {
                    "buffer_name": "dense_dense_bias_array",
                    "offset": 202500,
                    "size": 900
                },
                {
                    "buffer_name": "dense_1_dense_weights_array",
                    "offset": 203400,
                    "size": 18000
                },
                {
                    "buffer_name": "dense_1_dense_bias_array",
                    "offset": 221400,
                    "size": 80
                },
                {
                    "buffer_name": "dense_2_dense_weights_array",
                    "offset": 221480,
                    "size": 800
                },
                {
                    "buffer_name": "dense_2_dense_bias_array",
                    "offset": 222280,
                    "size": 40
                },
                {
                    "buffer_name": "dense_3_dense_weights_array",
                    "offset": 222320,
                    "size": 120
                },
                {
                    "buffer_name": "dense_3_dense_bias_array",
                    "offset": 222440,
                    "size": 12
                }
            ],
            "pool_size": -1,
            "used_size": 222452
        }
    }
}