{
    "_allocate_inputs": 4,
    "_allocate_outputs": 4,
    "cli_parameters": "generate --target stm32f4 --name network_model -m C:/Users/isras/Downloads/IA-ON-STM32_Part1/Model Parameters-H5 File/rotupdown.h5 --compression none --verbosity 1 --workspace C:/Users/isras/AppData/Local/Temp/mxAI_workspace2636938383730015998659459404485416 --output C:/Users/isras/.stm32cubemx/network_model_output",
    "cli_version": {
        "extra": "20049",
        "major": 2,
        "micro": 0,
        "minor": 0
    },
    "cli_version_str": "2.0.0-20049",
    "code_size": 0,
    "compression": [],
    "date_time": "2025-05-10T14:48:53+0100",
    "error": 0,
    "error_str": [],
    "exec_cmd": "generate",
    "exec_duration": 0.0,
    "hash": "0x9736f6189c9b82deaa6ba889cbf5461b",
    "inputs": [
        "input_0"
    ],
    "layers": [
        {
            "c_id": [
                0,
                1
            ],
            "extras": {
                "n_macc": 0,
                "n_params": 0,
                "psize": 0,
                "rom_output": {
                    "c_size": 900,
                    "fmt": {
                        "format": "float"
                    },
                    "shape": [
                        225
                    ]
                },
                "rom_size": 203400
            },
            "id": 0,
            "inputs": [],
            "name": "input_0",
            "original": null,
            "type": "Input"
        },
        {
            "c_id": [],
            "extras": {
                "n_macc": 50850,
                "n_params": 50850,
                "psize": 203400,
                "rom_output": {
                    "c_size": 900,
                    "fmt": {
                        "format": "float"
                    },
                    "shape": [
                        225
                    ]
                },
                "rom_size": 0
            },
            "id": 0,
            "inputs": [
                "input_0"
            ],
            "name": "dense_dense",
            "original": "Dense",
            "type": "Dense"
        },
        {
            "c_id": [],
            "extras": {
                "n_macc": 225,
                "n_params": 0,
                "psize": 0,
                "rom_output": {
                    "c_size": 900,
                    "fmt": {
                        "format": "float"
                    },
                    "shape": [
                        225
                    ]
                },
                "rom_size": 0
            },
            "id": 0,
            "inputs": [
                "dense_dense"
            ],
            "name": "dense",
            "original": "Dense",
            "type": "Nonlinearity"
        },
        {
            "c_id": [
                2,
                3
            ],
            "extras": {
                "n_macc": 4520,
                "n_params": 4520,
                "psize": 18080,
                "rom_output": {
                    "c_size": 80,
                    "fmt": {
                        "format": "float"
                    },
                    "shape": [
                        20
                    ]
                },
                "rom_size": 18080
            },
            "id": 1,
            "inputs": [
                "dense"
            ],
            "name": "dense_1_dense",
            "original": "Dense",
            "type": "Dense"
        },
        {
            "c_id": [],
            "extras": {
                "n_macc": 20,
                "n_params": 0,
                "psize": 0,
                "rom_output": {
                    "c_size": 80,
                    "fmt": {
                        "format": "float"
                    },
                    "shape": [
                        20
                    ]
                },
                "rom_size": 0
            },
            "id": 1,
            "inputs": [
                "dense_1_dense"
            ],
            "name": "dense_1",
            "original": "Dense",
            "type": "Nonlinearity"
        },
        {
            "c_id": [
                4,
                5
            ],
            "extras": {
                "n_macc": 210,
                "n_params": 210,
                "psize": 840,
                "rom_output": {
                    "c_size": 40,
                    "fmt": {
                        "format": "float"
                    },
                    "shape": [
                        10
                    ]
                },
                "rom_size": 840
            },
            "id": 2,
            "inputs": [
                "dense_1"
            ],
            "name": "dense_2_dense",
            "original": "Dense",
            "type": "Dense"
        },
        {
            "c_id": [],
            "extras": {
                "n_macc": 10,
                "n_params": 0,
                "psize": 0,
                "rom_output": {
                    "c_size": 40,
                    "fmt": {
                        "format": "float"
                    },
                    "shape": [
                        10
                    ]
                },
                "rom_size": 0
            },
            "id": 2,
            "inputs": [
                "dense_2_dense"
            ],
            "name": "dense_2",
            "original": "Dense",
            "type": "Nonlinearity"
        },
        {
            "c_id": [
                6,
                7
            ],
            "extras": {
                "n_macc": 33,
                "n_params": 33,
                "psize": 132,
                "rom_output": {
                    "c_size": 12,
                    "fmt": {
                        "format": "float"
                    },
                    "shape": [
                        3
                    ]
                },
                "rom_size": 132
            },
            "id": 3,
            "inputs": [
                "dense_2"
            ],
            "name": "dense_3_dense",
            "original": "Dense",
            "type": "Dense"
        },
        {
            "c_id": [],
            "extras": {
                "n_macc": 45,
                "n_params": 0,
                "psize": 0,
                "rom_output": {
                    "c_size": 12,
                    "fmt": {
                        "format": "float"
                    },
                    "shape": [
                        3
                    ]
                },
                "rom_size": 0
            },
            "id": 3,
            "inputs": [
                "dense_3_dense"
            ],
            "name": "dense_3",
            "original": "Dense",
            "type": "Nonlinearity"
        }
    ],
    "model_files": [
        "C:\\Users\\isras\\Downloads\\IA-ON-STM32_Part1\\Model Parameters-H5 File\\rotupdown.h5"
    ],
    "model_n_params": 55613,
    "model_name": "rotupdown",
    "model_size": 222452,
    "model_type": "keras",
    "name": "network_model",
    "outputs": [
        "dense_3"
    ],
    "ram_io_size": [
        0,
        0
    ],
    "ram_size": 1800,
    "report_version": 1.1,
    "rom_cfact": 1.0,
    "rom_heap_inspector": 2048,
    "rom_inputs": [
        {
            "c_size": 900,
            "c_type": "float",
            "name": "input_0"
        }
    ],
    "rom_n_macc": 55913,
    "rom_outputs": [
        {
            "c_size": 12,
            "c_type": "float",
            "name": "dense_3"
        }
    ],
    "rom_size": 222452,
    "strategy": "",
    "tools_api_version": "2.0.0-20049",
    "tools_version": "2.0.0-20049",
    "val_error": -1.0,
    "val_error_desc": "None (None) #-1",
    "val_metrics": []
}