{
    "activations": {
        "heap_overlay_pool": {
            "buffer_c_name": "NULL",
            "buffer_c_name_addr": "NULL",
            "buffer_data_size": 0,
            "buffer_offsets": [
                {
                    "buffer_name": "input_0_output_array",
                    "lite_tag": null,
                    "offset": 0,
                    "size": 900,
                    "start_offset": 0
                },
                {
                    "buffer_name": "dense_dense_output_array",
                    "lite_tag": null,
                    "offset": 900,
                    "size": 900,
                    "start_offset": 900
                },
                {
                    "buffer_name": "dense_output_array",
                    "lite_tag": null,
                    "offset": 0,
                    "size": 900,
                    "start_offset": 0
                },
                {
                    "buffer_name": "dense_1_dense_output_array",
                    "lite_tag": null,
                    "offset": 900,
                    "size": 80,
                    "start_offset": 900
                },
                {
                    "buffer_name": "dense_1_output_array",
                    "lite_tag": null,
                    "offset": 0,
                    "size": 80,
                    "start_offset": 0
                },
                {
                    "buffer_name": "dense_2_dense_output_array",
                    "lite_tag": null,
                    "offset": 80,
                    "size": 40,
                    "start_offset": 80
                },
                {
                    "buffer_name": "dense_2_output_array",
                    "lite_tag": null,
                    "offset": 0,
                    "size": 40,
                    "start_offset": 0
                },
                {
                    "buffer_name": "dense_3_dense_output_array",
                    "lite_tag": null,
                    "offset": 40,
                    "size": 12,
                    "start_offset": 40
                },
                {
                    "buffer_name": "dense_3_output_array",
                    "lite_tag": null,
                    "offset": 0,
                    "size": 12,
                    "start_offset": 0
                }
            ],
            "pool_id": 0,
            "pool_size": 1800
        }
    },
    "activations_alignment": 4,
    "c_activations_count": 1,
    "c_arrays": [
        {
            "c_bits": 32,
            "c_id": 0,
            "c_mem_pool": "weights",
            "c_size_in_byte": 900,
            "c_type": "const float",
            "format": "float32",
            "is_const": true,
            "mem_pool": "weights",
            "n_items": 225,
            "name": "dense_dense_bias_array",
            "offset": 0,
            "padded": true,
            "raw_fmt": "(FLOAT, 32 bit, C Size: 32 bits)",
            "size": 225,
            "tensors": [
                {
                    "name": "dense_dense_bias",
                    "shape": [
                        1,
                        1,
                        1,
                        225
                    ]
                }
            ],
            "zeros": 0
        },
        {
            "c_bits": 32,
            "c_id": 1,
            "c_mem_pool": "weights",
            "c_size_in_byte": 18000,
            "c_type": "const float",
            "format": "float32",
            "is_const": true,
            "mem_pool": "weights",
            "n_items": 4500,
            "name": "dense_1_dense_weights_array",
            "offset": 900,
            "padded": true,
            "raw_fmt": "(FLOAT, 32 bit, C Size: 32 bits)",
            "size": 4500,
            "tensors": [
                {
                    "name": "dense_1_dense_weights",
                    "shape": [
                        225,
                        1,
                        1,
                        20
                    ]
                }
            ],
            "zeros": 0
        },
        {
            "c_bits": 32,
            "c_id": 2,
            "c_mem_pool": "**default**",
            "c_size_in_byte": 900,
            "c_type": "float",
            "format": "float32",
            "io_type": "input",
            "is_const": false,
            "mem_pool": "activations",
            "n_items": 225,
            "name": "input_0_output_array",
            "offset": 0,
            "padded": true,
            "raw_fmt": "(FLOAT, 32 bit, C Size: 32 bits)",
            "size": 225,
            "tensors": [
                {
                    "name": "input_0_output",
                    "shape": [
                        1,
                        1,
                        1,
                        225
                    ]
                }
            ]
        },
        {
            "c_bits": 32,
            "c_id": 3,
            "c_mem_pool": "**default**",
            "c_size_in_byte": 900,
            "c_type": "float",
            "format": "float32",
            "is_const": false,
            "mem_pool": "activations",
            "n_items": 225,
            "name": "dense_dense_output_array",
            "offset": 900,
            "padded": true,
            "raw_fmt": "(FLOAT, 32 bit, C Size: 32 bits)",
            "size": 225,
            "tensors": [
                {
                    "name": "dense_dense_output",
                    "shape": [
                        1,
                        1,
                        1,
                        225
                    ]
                }
            ]
        },
        {
            "c_bits": 32,
            "c_id": 4,
            "c_mem_pool": "weights",
            "c_size_in_byte": 80,
            "c_type": "const float",
            "format": "float32",
            "is_const": true,
            "mem_pool": "weights",
            "n_items": 20,
            "name": "dense_1_dense_bias_array",
            "offset": 18900,
            "padded": true,
            "raw_fmt": "(FLOAT, 32 bit, C Size: 32 bits)",
            "size": 20,
            "tensors": [
                {
                    "name": "dense_1_dense_bias",
                    "shape": [
                        1,
                        1,
                        1,
                        20
                    ]
                }
            ],
            "zeros": 0
        },
        {
            "c_bits": 32,
            "c_id": 5,
            "c_mem_pool": "**default**",
            "c_size_in_byte": 900,
            "c_type": "float",
            "format": "float32",
            "is_const": false,
            "mem_pool": "activations",
            "n_items": 225,
            "name": "dense_output_array",
            "offset": 0,
            "padded": true,
            "raw_fmt": "(FLOAT, 32 bit, C Size: 32 bits)",
            "size": 225,
            "tensors": [
                {
                    "name": "dense_output",
                    "shape": [
                        1,
                        1,
                        1,
                        225
                    ]
                }
            ]
        },
        {
            "c_bits": 32,
            "c_id": 6,
            "c_mem_pool": "**default**",
            "c_size_in_byte": 80,
            "c_type": "float",
            "format": "float32",
            "is_const": false,
            "mem_pool": "activations",
            "n_items": 20,
            "name": "dense_1_dense_output_array",
            "offset": 900,
            "padded": true,
            "raw_fmt": "(FLOAT, 32 bit, C Size: 32 bits)",
            "size": 20,
            "tensors": [
                {
                    "name": "dense_1_dense_output",
                    "shape": [
                        1,
                        1,
                        1,
                        20
                    ]
                }
            ]
        },
        {
            "c_bits": 32,
            "c_id": 7,
            "c_mem_pool": "weights",
            "c_size_in_byte": 800,
            "c_type": "const float",
            "format": "float32",
            "is_const": true,
            "mem_pool": "weights",
            "n_items": 200,
            "name": "dense_2_dense_weights_array",
            "offset": 18980,
            "padded": true,
            "raw_fmt": "(FLOAT, 32 bit, C Size: 32 bits)",
            "size": 200,
            "tensors": [
                {
                    "name": "dense_2_dense_weights",
                    "shape": [
                        20,
                        1,
                        1,
                        10
                    ]
                }
            ],
            "zeros": 0
        },
        {
            "c_bits": 32,
            "c_id": 8,
            "c_mem_pool": "**default**",
            "c_size_in_byte": 80,
            "c_type": "float",
            "format": "float32",
            "is_const": false,
            "mem_pool": "activations",
            "n_items": 20,
            "name": "dense_1_output_array",
            "offset": 0,
            "padded": true,
            "raw_fmt": "(FLOAT, 32 bit, C Size: 32 bits)",
            "size": 20,
            "tensors": [
                {
                    "name": "dense_1_output",
                    "shape": [
                        1,
                        1,
                        1,
                        20
                    ]
                }
            ]
        },
        {
            "c_bits": 32,
            "c_id": 9,
            "c_mem_pool": "**default**",
            "c_size_in_byte": 40,
            "c_type": "float",
            "format": "float32",
            "is_const": false,
            "mem_pool": "activations",
            "n_items": 10,
            "name": "dense_2_dense_output_array",
            "offset": 80,
            "padded": true,
            "raw_fmt": "(FLOAT, 32 bit, C Size: 32 bits)",
            "size": 10,
            "tensors": [
                {
                    "name": "dense_2_dense_output",
                    "shape": [
                        1,
                        1,
                        1,
                        10
                    ]
                }
            ]
        },
        {
            "c_bits": 32,
            "c_id": 10,
            "c_mem_pool": "weights",
            "c_size_in_byte": 40,
            "c_type": "const float",
            "format": "float32",
            "is_const": true,
            "mem_pool": "weights",
            "n_items": 10,
            "name": "dense_2_dense_bias_array",
            "offset": 19780,
            "padded": true,
            "raw_fmt": "(FLOAT, 32 bit, C Size: 32 bits)",
            "size": 10,
            "tensors": [
                {
                    "name": "dense_2_dense_bias",
                    "shape": [
                        1,
                        1,
                        1,
                        10
                    ]
                }
            ],
            "zeros": 0
        },
        {
            "c_bits": 32,
            "c_id": 11,
            "c_mem_pool": "**default**",
            "c_size_in_byte": 40,
            "c_type": "float",
            "format": "float32",
            "is_const": false,
            "mem_pool": "activations",
            "n_items": 10,
            "name": "dense_2_output_array",
            "offset": 0,
            "padded": true,
            "raw_fmt": "(FLOAT, 32 bit, C Size: 32 bits)",
            "size": 10,
            "tensors": [
                {
                    "name": "dense_2_output",
                    "shape": [
                        1,
                        1,
                        1,
                        10
                    ]
                }
            ]
        },
        {
            "c_bits": 32,
            "c_id": 12,
            "c_mem_pool": "**default**",
            "c_size_in_byte": 12,
            "c_type": "float",
            "format": "float32",
            "is_const": false,
            "mem_pool": "activations",
            "n_items": 3,
            "name": "dense_3_dense_output_array",
            "offset": 40,
            "padded": true,
            "raw_fmt": "(FLOAT, 32 bit, C Size: 32 bits)",
            "size": 3,
            "tensors": [
                {
                    "name": "dense_3_dense_output",
                    "shape": [
                        1,
                        1,
                        1,
                        3
                    ]
                }
            ]
        },
        {
            "c_bits": 32,
            "c_id": 13,
            "c_mem_pool": "weights",
            "c_size_in_byte": 120,
            "c_type": "const float",
            "format": "float32",
            "is_const": true,
            "mem_pool": "weights",
            "n_items": 30,
            "name": "dense_3_dense_weights_array",
            "offset": 19820,
            "padded": true,
            "raw_fmt": "(FLOAT, 32 bit, C Size: 32 bits)",
            "size": 30,
            "tensors": [
                {
                    "name": "dense_3_dense_weights",
                    "shape": [
                        10,
                        1,
                        1,
                        3
                    ]
                }
            ],
            "zeros": 0
        },
        {
            "c_bits": 32,
            "c_id": 14,
            "c_mem_pool": "**default**",
            "c_size_in_byte": 12,
            "c_type": "float",
            "format": "float32",
            "io_type": "output",
            "is_const": false,
            "mem_pool": "activations",
            "n_items": 3,
            "name": "dense_3_output_array",
            "offset": 0,
            "padded": true,
            "raw_fmt": "(FLOAT, 32 bit, C Size: 32 bits)",
            "size": 3,
            "tensors": [
                {
                    "name": "dense_3_output",
                    "shape": [
                        1,
                        1,
                        1,
                        3
                    ]
                }
            ]
        },
        {
            "c_bits": 32,
            "c_id": 15,
            "c_mem_pool": "weights",
            "c_size_in_byte": 12,
            "c_type": "const float",
            "format": "float32",
            "is_const": true,
            "mem_pool": "weights",
            "n_items": 3,
            "name": "dense_3_dense_bias_array",
            "offset": 19940,
            "padded": true,
            "raw_fmt": "(FLOAT, 32 bit, C Size: 32 bits)",
            "size": 3,
            "tensors": [
                {
                    "name": "dense_3_dense_bias",
                    "shape": [
                        1,
                        1,
                        1,
                        3
                    ]
                }
            ],
            "zeros": 0
        },
        {
            "c_bits": 32,
            "c_id": 16,
            "c_mem_pool": "weights",
            "c_size_in_byte": 202500,
            "c_type": "const float",
            "format": "float32",
            "is_const": true,
            "mem_pool": "weights",
            "n_items": 50625,
            "name": "dense_dense_weights_array",
            "offset": 19952,
            "padded": true,
            "raw_fmt": "(FLOAT, 32 bit, C Size: 32 bits)",
            "size": 50625,
            "tensors": [
                {
                    "name": "dense_dense_weights",
                    "shape": [
                        225,
                        1,
                        1,
                        225
                    ]
                }
            ],
            "zeros": 0
        }
    ],
    "c_arrays_n": 17,
    "c_intq_n": 0,
    "c_layers": [
        {
            "c_code_emit": true,
            "c_forward": "forward_dense",
            "c_id": 0,
            "layer_type": "dense",
            "m_id": 0,
            "macc": 50850,
            "name": "dense_dense",
            "next": "dense",
            "op_by_type": {
                "smul_f32_f32": 50850
            },
            "rom": 203400,
            "tensors": {
                "inputs": [
                    "input_0_output"
                ],
                "outputs": [
                    "dense_dense_output"
                ],
                "scratchs": [],
                "weights": [
                    "dense_dense_weights",
                    "dense_dense_bias"
                ]
            },
            "weight_sparsity": [
                0.0,
                50850,
                0
            ]
        },
        {
            "c_code_emit": true,
            "c_forward": "forward_relu",
            "c_id": 1,
            "layer_type": "nl",
            "m_id": 0,
            "macc": 225,
            "name": "dense",
            "next": "dense_1_dense",
            "op_by_type": {
                "op_f32_f32": 225
            },
            "rom": 0,
            "tensors": {
                "inputs": [
                    "dense_dense_output"
                ],
                "outputs": [
                    "dense_output"
                ],
                "scratchs": [],
                "weights": []
            },
            "weight_sparsity": [
                0.0,
                0,
                0
            ]
        },
        {
            "c_code_emit": true,
            "c_forward": "forward_dense",
            "c_id": 2,
            "layer_type": "dense",
            "m_id": 1,
            "macc": 4520,
            "name": "dense_1_dense",
            "next": "dense_1",
            "op_by_type": {
                "smul_f32_f32": 4520
            },
            "rom": 18080,
            "tensors": {
                "inputs": [
                    "dense_output"
                ],
                "outputs": [
                    "dense_1_dense_output"
                ],
                "scratchs": [],
                "weights": [
                    "dense_1_dense_weights",
                    "dense_1_dense_bias"
                ]
            },
            "weight_sparsity": [
                0.0,
                4520,
                0
            ]
        },
        {
            "c_code_emit": true,
            "c_forward": "forward_relu",
            "c_id": 3,
            "layer_type": "nl",
            "m_id": 1,
            "macc": 20,
            "name": "dense_1",
            "next": "dense_2_dense",
            "op_by_type": {
                "op_f32_f32": 20
            },
            "rom": 0,
            "tensors": {
                "inputs": [
                    "dense_1_dense_output"
                ],
                "outputs": [
                    "dense_1_output"
                ],
                "scratchs": [],
                "weights": []
            },
            "weight_sparsity": [
                0.0,
                0,
                0
            ]
        },
        {
            "c_code_emit": true,
            "c_forward": "forward_dense",
            "c_id": 4,
            "layer_type": "dense",
            "m_id": 2,
            "macc": 210,
            "name": "dense_2_dense",
            "next": "dense_2",
            "op_by_type": {
                "smul_f32_f32": 210
            },
            "rom": 840,
            "tensors": {
                "inputs": [
                    "dense_1_output"
                ],
                "outputs": [
                    "dense_2_dense_output"
                ],
                "scratchs": [],
                "weights": [
                    "dense_2_dense_weights",
                    "dense_2_dense_bias"
                ]
            },
            "weight_sparsity": [
                0.0,
                210,
                0
            ]
        },
        {
            "c_code_emit": true,
            "c_forward": "forward_relu",
            "c_id": 5,
            "layer_type": "nl",
            "m_id": 2,
            "macc": 10,
            "name": "dense_2",
            "next": "dense_3_dense",
            "op_by_type": {
                "op_f32_f32": 10
            },
            "rom": 0,
            "tensors": {
                "inputs": [
                    "dense_2_dense_output"
                ],
                "outputs": [
                    "dense_2_output"
                ],
                "scratchs": [],
                "weights": []
            },
            "weight_sparsity": [
                0.0,
                0,
                0
            ]
        },
        {
            "c_code_emit": true,
            "c_forward": "forward_dense",
            "c_id": 6,
            "layer_type": "dense",
            "m_id": 3,
            "macc": 33,
            "name": "dense_3_dense",
            "next": "dense_3",
            "op_by_type": {
                "smul_f32_f32": 33
            },
            "rom": 132,
            "tensors": {
                "inputs": [
                    "dense_2_output"
                ],
                "outputs": [
                    "dense_3_dense_output"
                ],
                "scratchs": [],
                "weights": [
                    "dense_3_dense_weights",
                    "dense_3_dense_bias"
                ]
            },
            "weight_sparsity": [
                0.0,
                33,
                0
            ]
        },
        {
            "c_code_emit": true,
            "c_forward": "forward_sm",
            "c_id": 7,
            "layer_type": "nl",
            "m_id": 3,
            "macc": 45,
            "name": "dense_3",
            "next": "dense_3",
            "op_by_type": {
                "op_f32_f32": 45
            },
            "rom": 0,
            "tensors": {
                "inputs": [
                    "dense_3_dense_output"
                ],
                "outputs": [
                    "dense_3_output"
                ],
                "scratchs": [],
                "weights": []
            },
            "weight_sparsity": [
                0.0,
                0,
                0
            ]
        }
    ],
    "c_name": "network",
    "c_nodes_n": 8,
    "c_tensors_n": 17,
    "c_weights_count": 1,
    "c_weights_header": 0,
    "compilation_options": {
        "compression": "none",
        "optimization": "balanced",
        "options": [
            "allocate-inputs",
            "allocate-outputs"
        ],
        "target": "stm32f4"
    },
    "data_alignment": 4,
    "date_time": "Fri Apr 25 15:08:34 2025",
    "inputs": [
        "input_0_output"
    ],
    "macc": 55913,
    "memory_footprint": {
        "activations": 1800,
        "io": [
            0,
            0
        ],
        "kernel_flash": 11470,
        "kernel_ram": 2480,
        "series": "stm32f4",
        "toolchain": "arm-none-eabi-gcc (GNU Tools for STM32 13.3.rel1.20240926-1715) 13.3.1 20240614",
        "toolchain_flash": 638,
        "toolchain_ram": 0,
        "weights": 222452
    },
    "memory_pools": [],
    "model_fmt": "float",
    "model_name": "rotupdown",
    "model_signature": "e930b5debebca0504223d8d69cac6bbc",
    "outputs": [
        "dense_3_output"
    ],
    "params_alignment": 4,
    "stm_ai_version": {
        "extra": "19389",
        "major": 8,
        "micro": 0,
        "minor": 0
    },
    "tool_api_version": {
        "major": 1,
        "micro": 0,
        "minor": 5
    },
    "tool_version": {
        "major": 1,
        "micro": 0,
        "minor": 7
    },
    "type": "keras",
    "version": "1.2",
    "weights": {
        "weights_array": {
            "buffer_c_count": 27807,
            "buffer_c_data": [],
            "buffer_c_name": "s_network_weights_array_u64",
            "buffer_c_name_addr": "s_network_weights_array_u64",
            "buffer_c_type": "u64",
            "buffer_crc": 0,
            "buffer_data_size": 222452,
            "buffer_offsets": [
                {
                    "buffer_name": "dense_dense_bias_array",
                    "lite_tag": null,
                    "offset": 0,
                    "size": 900,
                    "start_offset": 0
                },
                {
                    "buffer_name": "dense_1_dense_weights_array",
                    "lite_tag": null,
                    "offset": 900,
                    "size": 18000,
                    "start_offset": 900
                },
                {
                    "buffer_name": "dense_1_dense_bias_array",
                    "lite_tag": null,
                    "offset": 18900,
                    "size": 80,
                    "start_offset": 18900
                },
                {
                    "buffer_name": "dense_2_dense_weights_array",
                    "lite_tag": null,
                    "offset": 18980,
                    "size": 800,
                    "start_offset": 18980
                },
                {
                    "buffer_name": "dense_2_dense_bias_array",
                    "lite_tag": null,
                    "offset": 19780,
                    "size": 40,
                    "start_offset": 19780
                },
                {
                    "buffer_name": "dense_3_dense_weights_array",
                    "lite_tag": null,
                    "offset": 19820,
                    "size": 120,
                    "start_offset": 19820
                },
                {
                    "buffer_name": "dense_3_dense_bias_array",
                    "lite_tag": null,
                    "offset": 19940,
                    "size": 12,
                    "start_offset": 19940
                },
                {
                    "buffer_name": "dense_dense_weights_array",
                    "lite_tag": null,
                    "offset": 19952,
                    "size": 202500,
                    "start_offset": 19952
                }
            ],
            "pool_id": 0,
            "pool_size": 222452
        }
    }
}