{
    "_allocate_inputs": 4,
    "_allocate_outputs": 4,
    "cli_parameters": "analyze --name network -m C:/Users/isras/Downloads/IA-ON-STM32_Part1/Model Parameters-H5 File/rotupdown.h5 --type keras --compression none --verbosity 1 --workspace C:\\Users\\isras\\AppData\\Local\\Temp\\mxAI_workspace36538818393430010447513265709437803 --output C:\\Users\\isras\\.stm32cubemx\\network_output --allocate-inputs --series stm32f4 --allocate-outputs",
    "cli_version": {
        "major": 1,
        "micro": 0,
        "minor": 7
    },
    "cli_version_str": "1.7.0",
    "compression": {
        "factor": null,
        "layers": {}
    },
    "date_time": "Fri Apr 25 15:08:34 2025",
    "error": 0,
    "error_str": [],
    "exec_cmd": "analyze",
    "exec_duration": 0.0,
    "hash": "e930b5debebca0504223d8d69cac6bbc",
    "inputs": [
        "input_0"
    ],
    "layers": [
        {
            "c_id": [
                0,
                1
            ],
            "extras": {
                "n_macc": 0,
                "n_params": 0,
                "psize": 0,
                "rom_output": {
                    "c_size": 900,
                    "fmt": {
                        "format": "float"
                    },
                    "shape": [
                        1,
                        1,
                        225,
                        1
                    ]
                },
                "rom_size": 203400
            },
            "id": 0,
            "inputs": [],
            "name": "input_0",
            "original": null,
            "type": "Input"
        },
        {
            "c_id": [],
            "extras": {
                "n_macc": 50850,
                "n_params": 50850,
                "psize": 203400,
                "rom_output": {
                    "c_size": 900,
                    "fmt": {
                        "format": "float"
                    },
                    "shape": [
                        1,
                        1,
                        225,
                        1
                    ]
                },
                "rom_size": 0
            },
            "id": 0,
            "inputs": [
                "input_0"
            ],
            "name": "dense_dense",
            "original": "Dense",
            "type": "Dense"
        },
        {
            "c_id": [],
            "extras": {
                "n_macc": 225,
                "n_params": 0,
                "psize": 0,
                "rom_output": {
                    "c_size": 900,
                    "fmt": {
                        "format": "float"
                    },
                    "shape": [
                        1,
                        1,
                        225,
                        1
                    ]
                },
                "rom_size": 0
            },
            "id": 0,
            "inputs": [
                "dense_dense"
            ],
            "name": "dense",
            "original": "Dense",
            "type": "Nonlinearity"
        },
        {
            "c_id": [
                2,
                3
            ],
            "extras": {
                "n_macc": 4520,
                "n_params": 4520,
                "psize": 18080,
                "rom_output": {
                    "c_size": 80,
                    "fmt": {
                        "format": "float"
                    },
                    "shape": [
                        1,
                        1,
                        20,
                        1
                    ]
                },
                "rom_size": 18080
            },
            "id": 1,
            "inputs": [
                "dense"
            ],
            "name": "dense_1_dense",
            "original": "Dense",
            "type": "Dense"
        },
        {
            "c_id": [],
            "extras": {
                "n_macc": 20,
                "n_params": 0,
                "psize": 0,
                "rom_output": {
                    "c_size": 80,
                    "fmt": {
                        "format": "float"
                    },
                    "shape": [
                        1,
                        1,
                        20,
                        1
                    ]
                },
                "rom_size": 0
            },
            "id": 1,
            "inputs": [
                "dense_1_dense"
            ],
            "name": "dense_1",
            "original": "Dense",
            "type": "Nonlinearity"
        },
        {
            "c_id": [
                4,
                5
            ],
            "extras": {
                "n_macc": 210,
                "n_params": 210,
                "psize": 840,
                "rom_output": {
                    "c_size": 40,
                    "fmt": {
                        "format": "float"
                    },
                    "shape": [
                        1,
                        1,
                        10,
                        1
                    ]
                },
                "rom_size": 840
            },
            "id": 2,
            "inputs": [
                "dense_1"
            ],
            "name": "dense_2_dense",
            "original": "Dense",
            "type": "Dense"
        },
        {
            "c_id": [],
            "extras": {
                "n_macc": 10,
                "n_params": 0,
                "psize": 0,
                "rom_output": {
                    "c_size": 40,
                    "fmt": {
                        "format": "float"
                    },
                    "shape": [
                        1,
                        1,
                        10,
                        1
                    ]
                },
                "rom_size": 0
            },
            "id": 2,
            "inputs": [
                "dense_2_dense"
            ],
            "name": "dense_2",
            "original": "Dense",
            "type": "Nonlinearity"
        },
        {
            "c_id": [
                6,
                7
            ],
            "extras": {
                "n_macc": 33,
                "n_params": 33,
                "psize": 132,
                "rom_output": {
                    "c_size": 12,
                    "fmt": {
                        "format": "float"
                    },
                    "shape": [
                        1,
                        1,
                        3,
                        1
                    ]
                },
                "rom_size": 132
            },
            "id": 3,
            "inputs": [
                "dense_2"
            ],
            "name": "dense_3_dense",
            "original": "Dense",
            "type": "Dense"
        },
        {
            "c_id": [],
            "extras": {
                "n_macc": 45,
                "n_params": 0,
                "psize": 0,
                "rom_output": {
                    "c_size": 12,
                    "fmt": {
                        "format": "float"
                    },
                    "shape": [
                        1,
                        1,
                        3,
                        1
                    ]
                },
                "rom_size": 0
            },
            "id": 3,
            "inputs": [
                "dense_3_dense"
            ],
            "name": "dense_3",
            "original": "Dense",
            "type": "Nonlinearity"
        }
    ],
    "model_files": [
        "C:\\Users\\isras\\Downloads\\IA-ON-STM32_Part1\\Model Parameters-H5 File\\rotupdown.h5"
    ],
    "model_n_params": 55613,
    "model_name": "rotupdown",
    "model_size": 222452,
    "model_type": "keras",
    "name": "network",
    "outputs": [
        "dense_3"
    ],
    "ram_io_size": [
        900,
        12
    ],
    "ram_size": [
        1800,
        1800
    ],
    "report_version": 1.1,
    "rom_cfact": 1.0,
    "rom_heap_inspector": 2048,
    "rom_inputs": [
        {
            "c_size": 900,
            "c_type": "float",
            "name": "input_0"
        }
    ],
    "rom_n_macc": 55913,
    "rom_outputs": [
        {
            "c_size": 12,
            "c_type": "float",
            "name": "dense_3"
        }
    ],
    "rom_size": 222452,
    "strategy": "heap_overlay",
    "tools_api_version": {
        "major": 1,
        "micro": 0,
        "minor": 7
    },
    "tools_version": {
        "extra": "19389",
        "major": 8,
        "micro": 0,
        "minor": 0
    },
    "val_error": -1.0,
    "val_error_desc": "None (None) #-1",
    "val_metrics": []
}